﻿<?xml version="1.0" encoding="utf-8"?>
<fontMetrics file="Consolas20pt.png">
  <character key="32">
    <x>0</x>
    <y>0</y>
    <width>11</width>
    <height>25</height>
  </character>
  <character key="33">
    <x>11</x>
    <y>0</y>
    <width>7</width>
    <height>25</height>
  </character>
  <character key="34">
    <x>18</x>
    <y>0</y>
    <width>11</width>
    <height>25</height>
  </character>
  <character key="35">
    <x>29</x>
    <y>0</y>
    <width>15</width>
    <height>25</height>
  </character>
  <character key="36">
    <x>44</x>
    <y>0</y>
    <width>13</width>
    <height>25</height>
  </character>
  <character key="37">
    <x>57</x>
    <y>0</y>
    <width>15</width>
    <height>25</height>
  </character>
  <character key="38">
    <x>72</x>
    <y>0</y>
    <width>15</width>
    <height>25</height>
  </character>
  <character key="39">
    <x>87</x>
    <y>0</y>
    <width>7</width>
    <height>25</height>
  </character>
  <character key="40">
    <x>94</x>
    <y>0</y>
    <width>10</width>
    <height>25</height>
  </character>
  <character key="41">
    <x>104</x>
    <y>0</y>
    <width>11</width>
    <height>25</height>
  </character>
  <character key="42">
    <x>115</x>
    <y>0</y>
    <width>13</width>
    <height>25</height>
  </character>
  <character key="43">
    <x>128</x>
    <y>0</y>
    <width>15</width>
    <height>25</height>
  </character>
  <character key="44">
    <x>143</x>
    <y>0</y>
    <width>10</width>
    <height>25</height>
  </character>
  <character key="45">
    <x>153</x>
    <y>0</y>
    <width>11</width>
    <height>25</height>
  </character>
  <character key="46">
    <x>164</x>
    <y>0</y>
    <width>9</width>
    <height>25</height>
  </character>
  <character key="47">
    <x>173</x>
    <y>0</y>
    <width>13</width>
    <height>25</height>
  </character>
  <character key="48">
    <x>0</x>
    <y>25</y>
    <width>15</width>
    <height>25</height>
  </character>
  <character key="49">
    <x>15</x>
    <y>25</y>
    <width>13</width>
    <height>25</height>
  </character>
  <character key="50">
    <x>28</x>
    <y>25</y>
    <width>13</width>
    <height>25</height>
  </character>
  <character key="51">
    <x>41</x>
    <y>25</y>
    <width>13</width>
    <height>25</height>
  </character>
  <character key="52">
    <x>54</x>
    <y>25</y>
    <width>15</width>
    <height>25</height>
  </character>
  <character key="53">
    <x>69</x>
    <y>25</y>
    <width>13</width>
    <height>25</height>
  </character>
  <character key="54">
    <x>82</x>
    <y>25</y>
    <width>13</width>
    <height>25</height>
  </character>
  <character key="55">
    <x>95</x>
    <y>25</y>
    <width>13</width>
    <height>25</height>
  </character>
  <character key="56">
    <x>108</x>
    <y>25</y>
    <width>13</width>
    <height>25</height>
  </character>
  <character key="57">
    <x>121</x>
    <y>25</y>
    <width>13</width>
    <height>25</height>
  </character>
  <character key="58">
    <x>134</x>
    <y>25</y>
    <width>7</width>
    <height>25</height>
  </character>
  <character key="59">
    <x>141</x>
    <y>25</y>
    <width>10</width>
    <height>25</height>
  </character>
  <character key="60">
    <x>151</x>
    <y>25</y>
    <width>12</width>
    <height>25</height>
  </character>
  <character key="61">
    <x>163</x>
    <y>25</y>
    <width>13</width>
    <height>25</height>
  </character>
  <character key="62">
    <x>176</x>
    <y>25</y>
    <width>12</width>
    <height>25</height>
  </character>
  <character key="63">
    <x>188</x>
    <y>25</y>
    <width>10</width>
    <height>25</height>
  </character>
  <character key="64">
    <x>0</x>
    <y>50</y>
    <width>15</width>
    <height>25</height>
  </character>
  <character key="65">
    <x>15</x>
    <y>50</y>
    <width>15</width>
    <height>25</height>
  </character>
  <character key="66">
    <x>30</x>
    <y>50</y>
    <width>13</width>
    <height>25</height>
  </character>
  <character key="67">
    <x>43</x>
    <y>50</y>
    <width>13</width>
    <height>25</height>
  </character>
  <character key="68">
    <x>56</x>
    <y>50</y>
    <width>14</width>
    <height>25</height>
  </character>
  <character key="69">
    <x>70</x>
    <y>50</y>
    <width>12</width>
    <height>25</height>
  </character>
  <character key="70">
    <x>82</x>
    <y>50</y>
    <width>12</width>
    <height>25</height>
  </character>
  <character key="71">
    <x>94</x>
    <y>50</y>
    <width>14</width>
    <height>25</height>
  </character>
  <character key="72">
    <x>108</x>
    <y>50</y>
    <width>13</width>
    <height>25</height>
  </character>
  <character key="73">
    <x>121</x>
    <y>50</y>
    <width>13</width>
    <height>25</height>
  </character>
  <character key="74">
    <x>134</x>
    <y>50</y>
    <width>12</width>
    <height>25</height>
  </character>
  <character key="75">
    <x>146</x>
    <y>50</y>
    <width>14</width>
    <height>25</height>
  </character>
  <character key="76">
    <x>160</x>
    <y>50</y>
    <width>12</width>
    <height>25</height>
  </character>
  <character key="77">
    <x>172</x>
    <y>50</y>
    <width>15</width>
    <height>25</height>
  </character>
  <character key="78">
    <x>187</x>
    <y>50</y>
    <width>13</width>
    <height>25</height>
  </character>
  <character key="79">
    <x>200</x>
    <y>50</y>
    <width>15</width>
    <height>25</height>
  </character>
  <character key="80">
    <x>0</x>
    <y>75</y>
    <width>13</width>
    <height>25</height>
  </character>
  <character key="81">
    <x>13</x>
    <y>75</y>
    <width>15</width>
    <height>25</height>
  </character>
  <character key="82">
    <x>28</x>
    <y>75</y>
    <width>14</width>
    <height>25</height>
  </character>
  <character key="83">
    <x>42</x>
    <y>75</y>
    <width>13</width>
    <height>25</height>
  </character>
  <character key="84">
    <x>55</x>
    <y>75</y>
    <width>15</width>
    <height>25</height>
  </character>
  <character key="85">
    <x>70</x>
    <y>75</y>
    <width>13</width>
    <height>25</height>
  </character>
  <character key="86">
    <x>83</x>
    <y>75</y>
    <width>15</width>
    <height>25</height>
  </character>
  <character key="87">
    <x>98</x>
    <y>75</y>
    <width>15</width>
    <height>25</height>
  </character>
  <character key="88">
    <x>113</x>
    <y>75</y>
    <width>15</width>
    <height>25</height>
  </character>
  <character key="89">
    <x>128</x>
    <y>75</y>
    <width>15</width>
    <height>25</height>
  </character>
  <character key="90">
    <x>143</x>
    <y>75</y>
    <width>13</width>
    <height>25</height>
  </character>
  <character key="91">
    <x>156</x>
    <y>75</y>
    <width>10</width>
    <height>25</height>
  </character>
  <character key="92">
    <x>166</x>
    <y>75</y>
    <width>13</width>
    <height>25</height>
  </character>
  <character key="93">
    <x>179</x>
    <y>75</y>
    <width>10</width>
    <height>25</height>
  </character>
  <character key="94">
    <x>189</x>
    <y>75</y>
    <width>13</width>
    <height>25</height>
  </character>
  <character key="95">
    <x>202</x>
    <y>75</y>
    <width>15</width>
    <height>25</height>
  </character>
  <character key="96">
    <x>0</x>
    <y>100</y>
    <width>10</width>
    <height>25</height>
  </character>
  <character key="97">
    <x>10</x>
    <y>100</y>
    <width>13</width>
    <height>25</height>
  </character>
  <character key="98">
    <x>23</x>
    <y>100</y>
    <width>13</width>
    <height>25</height>
  </character>
  <character key="99">
    <x>36</x>
    <y>100</y>
    <width>13</width>
    <height>25</height>
  </character>
  <character key="100">
    <x>49</x>
    <y>100</y>
    <width>13</width>
    <height>25</height>
  </character>
  <character key="101">
    <x>62</x>
    <y>100</y>
    <width>13</width>
    <height>25</height>
  </character>
  <character key="102">
    <x>75</x>
    <y>100</y>
    <width>15</width>
    <height>25</height>
  </character>
  <character key="103">
    <x>90</x>
    <y>100</y>
    <width>14</width>
    <height>25</height>
  </character>
  <character key="104">
    <x>104</x>
    <y>100</y>
    <width>13</width>
    <height>25</height>
  </character>
  <character key="105">
    <x>117</x>
    <y>100</y>
    <width>13</width>
    <height>25</height>
  </character>
  <character key="106">
    <x>130</x>
    <y>100</y>
    <width>12</width>
    <height>25</height>
  </character>
  <character key="107">
    <x>142</x>
    <y>100</y>
    <width>14</width>
    <height>25</height>
  </character>
  <character key="108">
    <x>156</x>
    <y>100</y>
    <width>13</width>
    <height>25</height>
  </character>
  <character key="109">
    <x>169</x>
    <y>100</y>
    <width>15</width>
    <height>25</height>
  </character>
  <character key="110">
    <x>184</x>
    <y>100</y>
    <width>13</width>
    <height>25</height>
  </character>
  <character key="111">
    <x>197</x>
    <y>100</y>
    <width>14</width>
    <height>25</height>
  </character>
  <character key="112">
    <x>0</x>
    <y>125</y>
    <width>13</width>
    <height>25</height>
  </character>
  <character key="113">
    <x>13</x>
    <y>125</y>
    <width>13</width>
    <height>25</height>
  </character>
  <character key="114">
    <x>26</x>
    <y>125</y>
    <width>12</width>
    <height>25</height>
  </character>
  <character key="115">
    <x>38</x>
    <y>125</y>
    <width>13</width>
    <height>25</height>
  </character>
  <character key="116">
    <x>51</x>
    <y>125</y>
    <width>14</width>
    <height>25</height>
  </character>
  <character key="117">
    <x>65</x>
    <y>125</y>
    <width>13</width>
    <height>25</height>
  </character>
  <character key="118">
    <x>78</x>
    <y>125</y>
    <width>15</width>
    <height>25</height>
  </character>
  <character key="119">
    <x>93</x>
    <y>125</y>
    <width>15</width>
    <height>25</height>
  </character>
  <character key="120">
    <x>108</x>
    <y>125</y>
    <width>15</width>
    <height>25</height>
  </character>
  <character key="121">
    <x>123</x>
    <y>125</y>
    <width>15</width>
    <height>25</height>
  </character>
  <character key="122">
    <x>138</x>
    <y>125</y>
    <width>13</width>
    <height>25</height>
  </character>
  <character key="123">
    <x>151</x>
    <y>125</y>
    <width>12</width>
    <height>25</height>
  </character>
  <character key="124">
    <x>163</x>
    <y>125</y>
    <width>7</width>
    <height>25</height>
  </character>
  <character key="125">
    <x>170</x>
    <y>125</y>
    <width>12</width>
    <height>25</height>
  </character>
  <character key="126">
    <x>182</x>
    <y>125</y>
    <width>15</width>
    <height>25</height>
  </character>
  <character key="127">
    <x>197</x>
    <y>125</y>
    <width>15</width>
    <height>25</height>
  </character>
</fontMetrics>